id,publisher_id,title,url,format,last_modified,period
cdcaca02-98c1-40bc-953d-ed9f860c1bb8,warwickshire-county-council,Spending Allocations / Spending allocations for 2010/2011,http://opendata.s3.amazonaws.com/finance/spending-allocations-2010-2011.csv,CSV,2013-06-19T07:17:39.620953,
c42efbf1-193c-44c5-856c-8904477e6b26,warwickshire-county-council,Spending Allocations / Spending allocations for 2010/2011,http://opendata.s3.amazonaws.com/finance/spending-allocations-2010-2011.xls,XLS,2013-06-19T07:17:39.701311,
0a4f6f55-06c8-4ed4-8946-5f24e48e1aa8,office-for-national-statistics,Family Spending / 2000 Edition,http://www.ons.gov.uk/ons/dcp19975_154147.xml,,2014-04-26T00:28:51.418471,
fb9d3e3e-6400-4570-9112-8f121106cfbb,office-for-national-statistics,Family Spending / 2001 Edition,http://www.ons.gov.uk/ons/dcp19975_154139.xml,,2014-04-26T00:28:53.694270,
a534bef1-809d-4605-b2da-9cb9670092d4,office-for-national-statistics,Family Spending / 2002 Edition,http://www.ons.gov.uk/ons/dcp19975_154135.xml,,2014-04-26T00:28:54.346821,
1c84bc48-65c0-400b-a7d8-5abc73233be7,office-for-national-statistics,Family Spending / 2003 Edition,http://www.ons.gov.uk/ons/dcp19975_154143.xml,,2014-04-26T00:28:57.889367,
af6a6a51-e0f3-499f-98fa-dbaf71cb1b97,office-for-national-statistics,Family Spending / 2004 Edition,http://www.ons.gov.uk/ons/dcp19975_154155.xml,,2014-05-03T00:15:54.478035,
aa195859-ca2f-4cba-85b9-0e80beed3ea6,office-for-national-statistics,Family Spending / 2005 Edition,http://www.ons.gov.uk/ons/dcp19975_154151.xml,,2014-05-03T00:15:55.830715,
2a2cfdce-b748-4085-a21e-2d253f5f6e41,office-for-national-statistics,Family Spending / 2006 Edition,http://www.ons.gov.uk/ons/dcp19975_154159.xml,,2014-04-26T00:29:01.946601,
095a8dd2-ba5b-4b7a-80b2-b4a700930e36,office-for-national-statistics,Family Spending / 2007 Edition,http://www.ons.gov.uk/ons/dcp19975_154163.xml,,2014-05-03T00:15:58.986057,
9c89f714-26a5-4f71-9a63-eb64c4ac4b4f,office-for-national-statistics,Family Spending / 2008 Edition,http://www.ons.gov.uk/ons/dcp19975_211675.xml,,2014-04-26T00:29:05.389177,
932b8c10-8277-4c5f-b8e4-fe17331d7b88,office-for-national-statistics,Family Spending / 2009 Edition,http://www.ons.gov.uk/ons/dcp19975_211679.xml,,2014-04-26T00:29:08.169255,
74eaadaa-56cf-4a71-af3b-9f4f6c86089f,office-for-national-statistics,Family Spending / Household spending falls for first time in 10 years,http://www.ons.gov.uk/ons/dcp19975_198829.xml,,2014-05-03T00:16:01.949567,
e433bcf0-68dc-4395-a5ab-b9361cfd16b7,office-for-national-statistics,Family Spending / 2010 Edition,http://www.ons.gov.uk/ons/dcp19975_225700.xml,,2014-04-26T00:29:11.535922,
ffcf49c6-1dda-4bea-b848-3585d8cfe4d3,office-for-national-statistics,Family Spending / 2011 Edition,http://www.ons.gov.uk/ons/dcp19975_229760.xml,,2014-04-26T00:29:09.171103,
a950f8bd-0529-47b3-a5b8-91d1df46fdea,office-for-national-statistics,Family Spending / Family Spending 2012 Edition,http://www.ons.gov.uk/ons/dcp19975_265997.xml,,2014-04-26T00:29:12.458492,
f57062ee-ad9d-479e-806a-4d009935139c,office-for-national-statistics,Family Spending / 2012 Chapter 5,http://www.ons.gov.uk/ons/dcp19975_295178.xml,,2014-05-03T00:16:07.209119,
c076b996-e6f2-45bd-a5e1-7f665181596c,office-for-national-statistics,Family Spending / 2013 Edition,http://www.ons.gov.uk/ons/dcp19975_315337.xml,,2014-04-26T00:29:16.071708,
04d009a9-790e-450e-a4c1-116d41d570f4,office-for-national-statistics,Family Spending / 2014 Edition,http://www.ons.gov.uk/ons/rel/family-spending/family-spending/2014-edition/index.html,,,
1e4b5ead-1cb3-423c-8381-350faff1e8ca,blaby-district-council,ICT Spend / ICT Spend,http://blaby.gov.uk/EasySiteWeb/GatewayLink.aspx?alId=11984,CSV,,
a4bd8ca1-5b2a-48c3-99e2-e357ad31f6f2,leeds-city-council,Council spending / Expenditure over £500 ,http://www.leedsdatamill.org/storage/f/2014-05-16T14%3A28%3A22.548Z/spending-2010-12.csv,CSV,,
3a19efbb-36e6-4141-8064-b07a6dfa1e51,leeds-city-council,Council spending / Expenditure over £500 ,http://www.leedsdatamill.org/storage/f/2014-05-16T14%3A28%3A56.510Z/spending-2010-12.pdf,PDF,,
cc979e08-0aec-4605-be9a-dd7f24401d47,leeds-city-council,Council spending / Expenditure over £500 ,http://www.leedsdatamill.org/storage/f/2014-05-16T14%3A29%3A19.191Z/spending-2010-12.xml,XML,,
9a7fb436-3e08-4807-b629-a9fd6cac0fb2,leeds-city-council,Council spending / Expenditure over £500 ,http://www.leedsdatamill.org/storage/f/2014-05-16T14%3A29%3A55.962Z/spending-2011-01.csv,CSV,,
2e2f2435-9ea2-4fa4-9f46-524cbc174d11,leeds-city-council,Council spending / Expenditure over £500 ,http://www.leedsdatamill.org/storage/f/2014-05-16T14%3A30%3A19.761Z/spending-2011-01.pdf,PDF,,
165f6b69-6402-4e38-b2d7-e60086254ae6,leeds-city-council,Council spending / Expenditure over £500 ,http://www.leedsdatamill.org/storage/f/2014-05-16T14%3A30%3A45.583Z/spending-2011-01.xml,XML,,
11d02000-35fa-4ffb-b308-6e1d4e2328d4,leeds-city-council,Council spending / Expenditure over £500 ,http://www.leedsdatamill.org/storage/f/2014-05-16T14%3A31%3A16.690Z/spending-2011-02.csv,CSV,,
7cb2fcfc-7b86-452d-9298-1fbb692e2b0c,leeds-city-council,Council spending / Expenditure over £500 ,http://www.leedsdatamill.org/storage/f/2014-05-16T14%3A31%3A49.733Z/spending-2011-02.pdf,PDF,,
460508de-058a-4162-8753-c3d34f50f858,leeds-city-council,Council spending / Expenditure over £500 ,http://www.leedsdatamill.org/storage/f/2014-05-16T14%3A32%3A22.203Z/spending-2011-02.xml,XML,,
2fe31876-dc38-4fdd-a40a-a53194febc5c,leeds-city-council,Council spending / Expenditure over £500 ,http://www.leedsdatamill.org/storage/f/2014-05-16T14%3A32%3A49.563Z/spending-2011-03.csv,CSV,,
a41ee09a-2c39-46c8-9a6a-acb8676fc7c0,leeds-city-council,Council spending / Expenditure over £500 ,http://www.leedsdatamill.org/storage/f/2014-05-16T14%3A33%3A09.754Z/spending-2011-03.pdf,PDF,,
56fcebd0-0f90-4073-9661-840bd1728d27,leeds-city-council,Council spending / Expenditure over £500 ,http://www.leedsdatamill.org/storage/f/2014-05-16T14%3A33%3A31.920Z/spending-2011-03.xml,XML,,
16df52a5-36c9-4d1f-a0aa-89c02cb2a5e6,leeds-city-council,Council spending / Expenditure over £500 ,http://www.leedsdatamill.org/storage/f/2014-05-16T14%3A33%3A58.606Z/spending-2011-04.csv,CSV,,
1e470c69-5d88-47f8-ad47-396f7bd8b41b,leeds-city-council,Council spending / Expenditure over £500 ,http://www.leedsdatamill.org/storage/f/2014-05-16T14%3A34%3A20.680Z/spending-2011-04.pdf,PDF,,
81ae2f3f-3ce8-4f91-8af0-0fd4fb03fcf7,leeds-city-council,Council spending / Expenditure over £500 ,http://www.leedsdatamill.org/storage/f/2014-05-16T14%3A34%3A54.636Z/spending-2011-04.xml,XML,,
54600e99-8e0f-466d-b2dc-71fd78b70a97,leeds-city-council,Council spending / Expenditure over £500 ,http://www.leedsdatamill.org/storage/f/2014-05-16T14%3A35%3A25.001Z/spending-2011-05.csv,CSV,,
f6962ecd-5137-4dc9-a792-4b1d3bd5ace8,leeds-city-council,Council spending / Expenditure over £500 ,http://www.leedsdatamill.org/storage/f/2014-05-16T14%3A35%3A45.204Z/spending-2011-05.pdf,PDF,,
070eb1f5-16f8-4662-aedb-c1b0c162ba0e,leeds-city-council,Council spending / Expenditure over £500 ,http://www.leedsdatamill.org/storage/f/2014-05-16T14%3A36%3A09.800Z/spending-2011-05.xml,XML,,
4c9ef518-3ea1-4090-94b3-8f389de9511b,leeds-city-council,Council spending / Expenditure over £500 ,http://www.leedsdatamill.org/storage/f/2014-05-16T14%3A37%3A00.771Z/spending-2011-06.csv,CSV,,
df96172a-bcd1-4c71-802a-750d38b2051a,leeds-city-council,Council spending / Expenditure over £500 ,http://www.leedsdatamill.org/storage/f/2014-05-16T14%3A37%3A27.633Z/spending-2011-06.pdf,PDF,,
6b80ed3a-f173-4d0a-89cd-35f512dc2699,leeds-city-council,Council spending / Expenditure over £500 ,http://www.leedsdatamill.org/storage/f/2014-05-16T14%3A37%3A48.921Z/spending-2011-06.xml,XML,,
7f756bab-05a1-4090-bd2d-61a51bdd6c10,leeds-city-council,Council spending / Expenditure over £500 ,http://www.leedsdatamill.org/storage/f/2014-05-16T14%3A38%3A15.140Z/spending-2011-07.csv,CSV,,
7a7d27c9-d164-4df8-b625-1787c783457d,leeds-city-council,Council spending / Expenditure over £500 ,http://www.leedsdatamill.org/storage/f/2014-05-16T14%3A39%3A40.295Z/spending-2011-07.pdf,PDF,,
e05d89ad-b5fd-4f56-9208-d7df0597536a,leeds-city-council,Council spending / Expenditure over £500 ,http://www.leedsdatamill.org/storage/f/2014-05-16T14%3A40%3A06.814Z/spending-2011-07.xml,XML,,
96423873-0a94-4272-9ce3-01feaefb5d7e,leeds-city-council,Council spending / Expenditure over £500 ,http://www.leedsdatamill.org/storage/f/2014-05-16T14%3A40%3A58.665Z/spending-2011-08.csv,CSV,,
002d216e-2c9c-42c4-a569-495883a543b3,leeds-city-council,Council spending / Expenditure over £500 ,http://www.leedsdatamill.org/storage/f/2014-05-16T14%3A41%3A39.330Z/spending-2011-08.pdf,PDF,,
332fbfb7-09ac-41cc-b8a2-bc916f062070,leeds-city-council,Council spending / Expenditure over £500 ,http://www.leedsdatamill.org/storage/f/2014-05-16T14%3A42%3A02.101Z/spending-2011-08.xml,XML,,
8c7e02f3-d0df-4c66-865d-eed56a7c63b7,leeds-city-council,Council spending / Expenditure over £500 ,http://www.leedsdatamill.org/storage/f/2014-05-16T14%3A42%3A38.691Z/spending-2011-09.csv,CSV,,
3d63be7d-b939-4af8-9b17-2aba2414d24c,leeds-city-council,Council spending / Expenditure over £500 ,http://www.leedsdatamill.org/storage/f/2014-05-16T14%3A43%3A01.153Z/spending-2011-09.pdf,PDF,,
f148545c-9ea5-4d6d-9fd2-a0be5912d775,leeds-city-council,Council spending / Expenditure over £500 ,http://www.leedsdatamill.org/storage/f/2014-05-16T14%3A43%3A21.893Z/spending-2011-09.xml,XML,,
fc9db939-df61-4bb3-8f86-b01072133a68,leeds-city-council,Council spending / Expenditure over £500 ,http://www.leedsdatamill.org/storage/f/2014-05-16T14%3A43%3A51.313Z/spending-2011-10.csv,CSV,,
40013495-afc0-4659-b452-51372231d121,leeds-city-council,Council spending / Expenditure over £500 ,http://www.leedsdatamill.org/storage/f/2014-05-16T14%3A44%3A13.693Z/spending-2011-10.pdf,PDF,,
5965ffca-5055-4480-923c-399d6a61a40b,leeds-city-council,Council spending / Expenditure over £500 ,http://www.leedsdatamill.org/storage/f/2014-05-16T14%3A45%3A32.409Z/spending-2011-10.xml,XML,,
46f45d8f-bded-481f-bcff-7f0266ecf8d6,leeds-city-council,Council spending / Expenditure over £500 ,http://www.leedsdatamill.org/storage/f/2014-05-16T14%3A46%3A01.019Z/spending-2011-11.csv,CSV,,
43c5d056-f204-4efb-b4dd-dda69484ea0c,leeds-city-council,Council spending / Expenditure over £500 ,http://www.leedsdatamill.org/storage/f/2014-05-16T14%3A46%3A27.028Z/spending-2011-11.pdf,PDF,,
c85ea7d0-28fd-4e72-9fdd-c3fe8e5f8f7c,leeds-city-council,Council spending / Expenditure over £500 ,http://www.leedsdatamill.org/storage/f/2014-05-16T14%3A46%3A51.517Z/spending-2011-11.xml,XML,,
1b4bbee5-8576-491d-9f43-aae7ccc1cce5,leeds-city-council,Council spending / Expenditure over £500 ,http://www.leedsdatamill.org/storage/f/2014-05-16T14%3A47%3A23.017Z/spending-2011-12.csv,CSV,,
0a8ac6f9-0ba1-4092-8b55-030600ea6871,leeds-city-council,Council spending / Expenditure over £500 ,http://www.leedsdatamill.org/storage/f/2014-05-16T14%3A47%3A51.042Z/spending-2011-12.pdf,PDF,,
75708f5f-686f-4efd-a69a-4337565adfd0,leeds-city-council,Council spending / Expenditure over £500 ,http://www.leedsdatamill.org/storage/f/2014-05-16T14%3A48%3A11.399Z/spending-2011-12.xml,XML,,
63636503-574f-460a-9e96-7fabf446a7af,leeds-city-council,Council spending / Expenditure over £500 ,http://www.leedsdatamill.org/storage/f/2014-05-16T14%3A51%3A14.551Z/spending-2012-01.csv,CSV,,
16a84d3e-34bc-4297-861a-527908477d1a,leeds-city-council,Council spending / Expenditure over £500 ,http://www.leedsdatamill.org/storage/f/2014-05-16T14%3A52%3A43.959Z/spending-2012-01.pdf,PDF,,
1cb8c8de-630f-423f-a166-318363f78e6b,leeds-city-council,Council spending / Expenditure over £500 ,http://www.leedsdatamill.org/storage/f/2014-05-16T14%3A53%3A09.354Z/spending-2012-01.xml,XML,,
d06f5b1c-9948-4f7c-a5c8-753641e8eaca,leeds-city-council,Council spending / Expenditure over £500 ,http://www.leedsdatamill.org/storage/f/2014-05-16T14%3A54%3A32.820Z/spending-2012-02.csv,CSV,,
375d264d-844b-46c6-be97-878daea44991,leeds-city-council,Council spending / Expenditure over £500 ,http://www.leedsdatamill.org/storage/f/2014-05-16T14%3A54%3A55.620Z/spending-2012-02.pdf,PDF,,
d15af8b3-312c-41a7-8310-4aedcba2f06f,leeds-city-council,Council spending / Expenditure over £500 ,http://www.leedsdatamill.org/storage/f/2014-05-16T14%3A55%3A19.322Z/spending-2012-02.xml,XML,,
88cf3365-bbdc-4072-ad8e-3726791b5296,leeds-city-council,Council spending / Expenditure over £500 ,http://www.leedsdatamill.org/storage/f/2014-05-16T14%3A56%3A44.517Z/spending-2012-03.csv,CSV,,
3303170f-1a6b-4c1e-8ecd-c7f9d6e8ca84,leeds-city-council,Council spending / Expenditure over £500 ,http://www.leedsdatamill.org/storage/f/2014-05-16T14%3A57%3A14.525Z/spending-2012-03.pdf,PDF,,
2aeed07c-7740-4bb5-99a6-c2b79f942e04,leeds-city-council,Council spending / Expenditure over £500 ,http://www.leedsdatamill.org/storage/f/2014-05-16T14%3A57%3A32.853Z/spending-2012-03.xml,XML,,
ab4c3c9a-a584-49cb-8d27-741a634b2928,leeds-city-council,Council spending / Expenditure over £500 ,http://www.leedsdatamill.org/storage/f/2014-05-16T14%3A58%3A41.453Z/spending-2012-04.csv,CSV,,
8619f31e-7420-4e14-8c66-1a86374ea7ba,leeds-city-council,Council spending / Expenditure over £500 ,http://www.leedsdatamill.org/storage/f/2014-05-16T14%3A59%3A30.255Z/spending-2012-04.pdf,PDF,,
98dd0349-e7db-46d7-bfa6-38d956da82ae,leeds-city-council,Council spending / Expenditure over £500 ,http://www.leedsdatamill.org/storage/f/2014-05-16T14%3A59%3A53.959Z/spending-2012-04.xml,XML,,
509e85a2-b5b4-46b1-8b04-7d40daa5867b,leeds-city-council,Council spending / Expenditure over £500 ,http://www.leedsdatamill.org/storage/f/2014-05-16T15%3A00%3A39.348Z/spending-2012-05.csv,CSV,,
02d654e9-eb0d-4930-bf46-763f70d9eacc,leeds-city-council,Council spending / Expenditure over £500 ,http://www.leedsdatamill.org/storage/f/2014-05-16T15%3A01%3A05.816Z/spending-2012-05.pdf,PDF,,
5bccb227-0233-4a91-8d82-4dd1e10db7cf,leeds-city-council,Council spending / Expenditure over £500 ,http://www.leedsdatamill.org/storage/f/2014-05-16T15%3A01%3A27.630Z/spending-2012-05.xml,XML,,
7aa93b08-44f3-4f48-8a12-a09c46f2d8fc,leeds-city-council,Council spending / Expenditure over £500 ,http://www.leedsdatamill.org/storage/f/2014-05-16T15%3A02%3A14.671Z/spending-2012-06.csv,CSV,,
db04a1de-af4b-48bc-bf7c-b93af5b5f708,leeds-city-council,Council spending / Expenditure over £500 ,http://www.leedsdatamill.org/storage/f/2014-05-16T15%3A02%3A40.239Z/spending-2012-06.pdf,PDF,,
1aed15f2-b5d9-4afe-a9c7-2c2b1e621e4e,leeds-city-council,Council spending / Expenditure over £500 ,http://www.leedsdatamill.org/storage/f/2014-05-16T15%3A03%3A00.631Z/spending-2012-06.xml,XML,,
6e3ccd5f-0132-4e3c-992a-674eda7a7453,leeds-city-council,Council spending / Expenditure over £500 ,http://www.leedsdatamill.org/storage/f/2014-05-16T15%3A03%3A56.056Z/spending-2012-07.csv,CSV,,
680baf3c-3008-4d49-91eb-ea9ad5a7d019,leeds-city-council,Council spending / Expenditure over £500 ,http://www.leedsdatamill.org/storage/f/2014-05-16T15%3A04%3A20.013Z/spending-2012-07.pdf,PDF,,
eece29be-b918-4996-a4f6-38340af63bc8,leeds-city-council,Council spending / Expenditure over £500 ,http://www.leedsdatamill.org/storage/f/2014-05-16T15%3A04%3A58.373Z/spending-2012-07.xml,XML,,
950868f3-a451-4491-aebd-d8f3760fd0f6,leeds-city-council,Council spending / Expenditure over £500 ,http://www.leedsdatamill.org/storage/f/2014-05-16T15%3A07%3A10.907Z/spending-2012-08.csv,CSV,,
ee69265a-0939-48a2-88cf-32159b590ca0,leeds-city-council,Council spending / Expenditure over £500 ,http://www.leedsdatamill.org/storage/f/2014-05-16T15%3A07%3A36.034Z/spending-2012-08.pdf,PDF,,
c7f374fe-4ce0-42f3-8077-f35dc2ef0029,leeds-city-council,Council spending / Expenditure over £500 ,http://www.leedsdatamill.org/storage/f/2014-05-16T15%3A08%3A50.578Z/spending-2012-08.xml,XML,,
953f0b3f-d42a-45f1-81d0-3457523f2093,leeds-city-council,Council spending / Expenditure over £500 ,http://www.leedsdatamill.org/storage/f/2014-05-16T15%3A10%3A11.312Z/spending-2012-09.csv,CSV,,
b13ed114-3f34-48d7-9e95-5dfeea932e6b,leeds-city-council,Council spending / Expenditure over £500 ,http://www.leedsdatamill.org/storage/f/2014-05-16T15%3A10%3A39.580Z/spending-2012-09.pdf,PDF,,
adc51538-573e-4dc9-a485-b1f82eb64dbc,leeds-city-council,Council spending / Expenditure over £500 ,http://www.leedsdatamill.org/storage/f/2014-05-16T15%3A11%3A09.283Z/spending-2012-09.xml,XML,,
9807a1ab-d15a-4fa2-a852-2dca01eb6637,leeds-city-council,Council spending / Expenditure over £500 ,http://www.leedsdatamill.org/storage/f/2014-05-16T15%3A12%3A21.320Z/spending-2012-10.csv,CSV,,
8d449802-f8ea-43ea-8a25-30cf98c09671,leeds-city-council,Council spending / Expenditure over £500 ,http://www.leedsdatamill.org/storage/f/2014-05-16T15%3A12%3A43.967Z/spending-2012-10.pdf,PDF,,
02281d5c-0e5a-4612-86de-d48f7b83298e,leeds-city-council,Council spending / Expenditure over £500 ,http://www.leedsdatamill.org/storage/f/2014-05-16T15%3A13%3A14.229Z/spending-2012-10.xml,XML,,
1c85cbeb-ec44-456d-be00-752db84bdcc5,leeds-city-council,Council spending / Expenditure over £500 ,http://www.leedsdatamill.org/storage/f/2014-05-16T15%3A13%3A47.332Z/spending-2012-11.csv,CSV,,
669acee7-95aa-4399-a363-800b9d5c0fe9,leeds-city-council,Council spending / Expenditure over £500 ,http://www.leedsdatamill.org/storage/f/2014-05-16T15%3A14%3A10.782Z/spending-2012-11.pdf,PDF,,
bb22a58b-7144-48ec-bab8-0056d7d90166,leeds-city-council,Council spending / Expenditure over £500 ,http://www.leedsdatamill.org/storage/f/2014-05-16T15%3A14%3A37.091Z/spending-2012-11.xml,XML,,
1dbb27d8-8d47-4dd0-acd8-cdb05218e3fd,leeds-city-council,Council spending / Expenditure over £500 ,http://www.leedsdatamill.org/storage/f/2014-05-16T15%3A15%3A19.039Z/spending-2012-12.csv,CSV,,
9b2e7c79-2925-4ca4-89fa-d01008d5771e,leeds-city-council,Council spending / Expenditure over £500 ,http://www.leedsdatamill.org/storage/f/2014-05-16T15%3A15%3A42.777Z/spending-2012-12.pdf,PDF,,
10248a29-b65f-4740-8f1d-1c84ae5fb9fb,leeds-city-council,Council spending / Expenditure over £500 ,http://www.leedsdatamill.org/storage/f/2014-05-16T15%3A16%3A08.290Z/spending-2012-12.xml,XML,,
5025b881-130c-4ee5-aa10-7758c376cd15,leeds-city-council,Council spending / Expenditure over £500 ,http://www.leedsdatamill.org/storage/f/2014-05-16T15%3A23%3A23.418Z/spending-2013-01.csv,CSV,,
669f74a8-a58f-44f4-9cbe-9d1cd8aaa53f,leeds-city-council,Council spending / Expenditure over £500 ,http://www.leedsdatamill.org/storage/f/2014-05-16T15%3A23%3A46.142Z/spending-2013-01.pdf,PDF,,
db26a1e5-231f-4677-b418-339d9de62f15,leeds-city-council,Council spending / Expenditure over £500 ,http://www.leedsdatamill.org/storage/f/2014-05-16T15%3A24%3A12.901Z/spending-2013-01.xml,XML,,
df06f2bb-5159-46f6-8faf-dab34decc16a,leeds-city-council,Council spending / Expenditure over £500,http://www.leedsdatamill.org/storage/f/2014-05-19T08%3A11%3A41.613Z/spending-2013-02.csv,CSV,,
1733a531-1927-4d2c-914b-13fc56c97781,leeds-city-council,Council spending / Expenditure over £500,http://www.leedsdatamill.org/storage/f/2014-05-19T08%3A12%3A14.352Z/spending-2013-02.pdf,PDF,,
6f9f2b85-123f-4c62-9a44-9a0f334e4d61,leeds-city-council,Council spending / Expenditure over £500,http://www.leedsdatamill.org/storage/f/2014-05-19T08%3A12%3A44.753Z/spending-2013-02.xml,XML,,
3efcddf3-61df-49d8-80d5-90db0aa1cecf,leeds-city-council,Council spending / Expenditure over £500,http://www.leedsdatamill.org/storage/f/2014-05-19T08%3A13%3A18.639Z/spending-2013-03.csv,CSV,,
2eda798c-25b3-4f46-a9ad-8743cad816f0,leeds-city-council,Council spending / Expenditure over £500,http://www.leedsdatamill.org/storage/f/2014-05-19T08%3A13%3A41.703Z/spending-2013-03.pdf,PDF,,
e9fc2802-fcd5-45f3-831a-432e327c18b6,leeds-city-council,Council spending / Expenditure over £500,http://www.leedsdatamill.org/storage/f/2014-05-19T08%3A14%3A05.505Z/spending-2013-03.xml,XML,,
80e17463-83ad-43f7-b369-ed1284536e9a,leeds-city-council,Council spending / Expenditure over £500,http://www.leedsdatamill.org/storage/f/2014-05-19T08%3A14%3A48.581Z/spending-2013-04.csv,CSV,,
c75937a8-2256-4820-a0c2-06ac612772c5,leeds-city-council,Council spending / Expenditure over £500,http://www.leedsdatamill.org/storage/f/2014-05-19T08%3A15%3A16.239Z/spending-2013-04.pdf,PDF,,
fdcaf020-c359-483c-849f-4db84ed656a7,leeds-city-council,Council spending / Expenditure over £500,http://www.leedsdatamill.org/storage/f/2014-05-19T08%3A15%3A40.010Z/spending-2013-04.xml,XML,,
4ec246bd-c0c8-4abf-82a8-722e997ba33e,leeds-city-council,Council spending / Expenditure over £500,http://www.leedsdatamill.org/storage/f/2014-05-19T08%3A16%3A11.737Z/spending-2013-05.csv,CSV,,
032b5b25-24f3-4ffb-a171-e7f2e3fb7954,leeds-city-council,Council spending / Expenditure over £500,http://www.leedsdatamill.org/storage/f/2014-05-19T08%3A16%3A47.036Z/spending-2013-05.pdf,PDF,,
6666dd9b-08aa-4e4d-9cf5-d6532df5df81,leeds-city-council,Council spending / Expenditure over £500,http://www.leedsdatamill.org/storage/f/2014-05-19T08%3A17%3A10.193Z/spending-2013-05.xml,XML,,
fa2fc351-2593-4dd5-9aa0-d7542f6a6b48,leeds-city-council,Council spending / Expenditure over £500,http://www.leedsdatamill.org/storage/f/2014-05-19T08%3A18%3A39.484Z/spending-2013-06.csv,CSV,,
54dfd757-9501-4386-827b-bba03d9aba71,leeds-city-council,Council spending / Expenditure over £500,http://www.leedsdatamill.org/storage/f/2014-05-19T08%3A19%3A06.221Z/spending-2013-06.pdf,PDF,,
472844fe-c6ee-41c4-84f4-996e993bf7b2,leeds-city-council,Council spending / Expenditure over £500,http://www.leedsdatamill.org/storage/f/2014-05-19T08%3A19%3A29.096Z/spending-2013-06.xml,XML,,
fe1bd42e-cbea-4f22-b163-fbdcd2f68efc,leeds-city-council,Council spending / Expenditure over £500,http://www.leedsdatamill.org/storage/f/2014-05-19T08%3A19%3A58.149Z/spendjultemplate1.csv,CSV,,
c424418f-0e44-440c-889a-81c527424f0b,leeds-city-council,Council spending / Expenditure over £500,http://www.leedsdatamill.org/storage/f/2014-05-19T08%3A20%3A24.207Z/spendjultemplate1.pdf,PDF,,
b465dc35-4077-41f2-aac7-cbde7cf9a779,leeds-city-council,Council spending / Expenditure over £500,http://www.leedsdatamill.org/storage/f/2014-05-19T08%3A20%3A48.481Z/spendjultemplate1.xml,XML,,
531c77be-db65-42c6-92a7-edba13623cc3,leeds-city-council,Council spending / Expenditure over £500,http://www.leedsdatamill.org/storage/f/2014-05-19T08%3A21%3A21.206Z/spendaugtemplate1.csv,CSV,,
03d815af-b872-4991-8f8a-c67372d1ce07,leeds-city-council,Council spending / Expenditure over £500,http://www.leedsdatamill.org/storage/f/2014-05-19T08%3A21%3A47.719Z/spendaugtemplate1.pdf,PDF,,
05bc8e9d-29d7-4467-8885-28588c605b3b,leeds-city-council,Council spending / Expenditure over £500,http://www.leedsdatamill.org/storage/f/2014-05-19T08%3A22%3A11.877Z/spendaugtemplate1.xml,XML,,
c726a77f-3df0-4d92-8a39-181d64e3a73d,leeds-city-council,Council spending / Expenditure over £500,http://www.leedsdatamill.org/storage/f/2014-05-19T08%3A22%3A45.111Z/spendseptemplate1.csv,CSV,,
0a166976-e065-4393-98e7-a6e0418edf92,leeds-city-council,Council spending / Expenditure over £500,http://www.leedsdatamill.org/storage/f/2014-05-19T08%3A23%3A15.295Z/spendseptemplate1.pdf,PDF,,
47bfeef2-e7ba-474a-9687-863052a26aed,leeds-city-council,Council spending / Expenditure over £500,http://www.leedsdatamill.org/storage/f/2014-05-19T08%3A23%3A43.567Z/spendseptemplate1.xml,XML,,
5e55e40b-9177-4ade-a2b2-a5bb5ff8dc37,leeds-city-council,Council spending / Expenditure over £500,http://www.leedsdatamill.org/storage/f/2014-05-19T08%3A24%3A12.160Z/spendocttemplate1.csv,CSV,,
15d1e87e-f971-4876-aaf1-a6c9ec294935,leeds-city-council,Council spending / Expenditure over £500,http://www.leedsdatamill.org/storage/f/2014-05-19T08%3A24%3A36.509Z/spendocttemplate1.pdf,PDF,,
ece8b71a-9f3a-4ea7-b686-1232d3738e63,leeds-city-council,Council spending / Expenditure over £500,http://www.leedsdatamill.org/storage/f/2014-05-19T08%3A24%3A59.426Z/spendocttemplate1.xml,XML,,
f0a35f1d-aa54-4ed5-bc4f-8718873f62ad,leeds-city-council,Council spending / Expenditure over £500,http://www.leedsdatamill.org/storage/f/2014-05-19T08%3A25%3A30.366Z/spendnovtemplate1.csv,CSV,,
34da325c-0b9a-46e4-a36c-7aa554829c86,leeds-city-council,Council spending / Expenditure over £500,http://www.leedsdatamill.org/storage/f/2014-05-19T08%3A25%3A54.978Z/spendnovtemplate1.pdf,PDF,,
cd0872bd-c426-4326-92c1-3280975de5e8,leeds-city-council,Council spending / Expenditure over £500,http://www.leedsdatamill.org/storage/f/2014-05-19T08%3A26%3A19.159Z/spendnovtemplate1.xml,XML,,
ce9e8e47-354a-475e-b129-fd4f8410930e,leeds-city-council,Council spending / Expenditure over £500,http://www.leedsdatamill.org/storage/f/2014-05-19T08%3A26%3A51.586Z/spenddectemplate1.csv,CSV,,
7ed8a1cd-9d2e-4680-8be6-cf7bbb85803a,leeds-city-council,Council spending / Expenditure over £500,http://www.leedsdatamill.org/storage/f/2014-05-19T08%3A27%3A18.376Z/spenddectemplate1.pdf,PDF,,
57052a1d-6b2b-4dec-8783-8fe55d933d45,leeds-city-council,Council spending / Expenditure over £500,http://www.leedsdatamill.org/storage/f/2014-05-19T08%3A27%3A40.862Z/spenddectemplate1.xml,XML,,
4e593429-172d-4398-856e-656af4f314bc,leeds-city-council,Council spending / Council spending,http://www.leedsdatamill.org/storage/f/2014-05-19T08%3A34%3A49.201Z/january-2014.csv,CSV,,
11302abd-db45-4a18-9592-2cd311ce585b,leeds-city-council,Council spending / Council spending,http://www.leedsdatamill.org/storage/f/2014-05-19T08%3A35%3A19.499Z/january-2014.pdf,PDF,,
0b895fcf-e81b-40f0-a5ce-578996ca7e70,leeds-city-council,Council spending / Council spending,http://www.leedsdatamill.org/storage/f/2014-05-19T08%3A35%3A44.043Z/january-2014.xml,XML,,
9a12831a-0425-4412-99ae-dd1a43b2947f,leeds-city-council,Council spending / Council spending,http://www.leedsdatamill.org/storage/f/2014-05-19T08%3A36%3A15.855Z/february-2014.csv,CSV,,
34ba77c7-089e-43ca-88d5-77418921d785,leeds-city-council,Council spending / Council spending,http://www.leedsdatamill.org/storage/f/2014-05-19T08%3A36%3A44.940Z/february-2014.pdf,PDF,,
75965b13-66ea-429b-a007-b51361ed455c,leeds-city-council,Council spending / Council spending,http://www.leedsdatamill.org/storage/f/2014-05-19T08%3A37%3A08.642Z/february-2014.xml,XML,,
5cd88502-4689-43d4-af47-9be1f0d7589a,leeds-city-council,Council spending / Council spending,http://www.leedsdatamill.org/storage/f/2014-05-28T12%3A08%3A38.186Z/spending-2014-03.csv,CSV,,
cafe414f-403e-43f8-b188-a4ab68379470,leeds-city-council,Council spending / Council spending,http://www.leedsdatamill.org/storage/f/2014-05-28T12%3A14%3A40.103Z/spending-2014-03.pdf,PDF,,
c0cb41f2-6a10-4bb6-bfa2-8db08064d289,leeds-city-council,Council spending / Council spending,http://www.leedsdatamill.org/storage/f/2014-05-28T12%3A11%3A19.771Z/spending-2014-03.xml,XML,,
2f347da4-8d66-4bf8-b2b3-184627e1021f,leeds-city-council,Council spending / Council Spending,http://www.leedsdatamill.org/storage/f/2014-08-01T06%3A45%3A58.532Z/spending-2014-04.csv,CSV,,
8b6f1851-92da-4751-ba15-0fe858655204,leeds-city-council,Council spending / Council Spending,http://www.leedsdatamill.org/storage/f/2014-08-01T06%3A52%3A29.836Z/spending-2014-04.pdf,PDF,,
f057517a-69ff-4ac4-a9bd-54c24d2fb49b,leeds-city-council,Council spending / Council Spending,http://www.leedsdatamill.org/storage/f/2014-08-01T06%3A54%3A05.613Z/spending-2014-04.xml,XML,,
ba00f4c1-3a18-472d-8a21-f8cf6b136e95,leeds-city-council,Council spending / Council Spending,http://www.leedsdatamill.org/storage/f/2014-08-01T06%3A57%3A32.943Z/spending-2014-05.csv,CSV,,
1665b32c-8979-45bc-b9b3-17f8b3232130,leeds-city-council,Council spending / Council Spending,http://www.leedsdatamill.org/storage/f/2014-08-01T07%3A01%3A14.993Z/spending-2014-05.pdf,PDF,,
6121c0a3-e4d5-4ea5-ae1d-d2d889f5486a,leeds-city-council,Council spending / Council Spending,http://www.leedsdatamill.org/storage/f/2014-08-01T07%3A03%3A42.807Z/spending-2014-05.xml,XML,,
06e3d412-ce05-46cb-a20e-dd39df514293,leeds-city-council,Council spending / Council Spending,http://www.leedsdatamill.org/storage/f/2014-08-01T07%3A11%3A03.564Z/spending-2014-06.csv,CSV,,
fb53fd26-49c3-4d96-9558-43c29dfffbfc,leeds-city-council,Council spending / Council Spending,http://www.leedsdatamill.org/storage/f/2014-08-01T07%3A12%3A43.709Z/spending-2014-06.pdf,PDF,,
49c53665-f17e-4c33-b9c1-3a8e458732a0,leeds-city-council,Council spending / Council Spending,http://www.leedsdatamill.org/storage/f/2014-08-01T07%3A14%3A05.010Z/spending-2014-06.xml,XML,,
240b32be-0e5f-44f7-8b9b-a05b4e881e42,leeds-city-council,Council spending / Council Spend,http://www.leedsdatamill.org/storage/f/2014-09-23T06%3A51%3A33.480Z/spending-2014-07.pdf,PDF,,
a09f5f66-5875-4cd4-a760-c50220625e77,leeds-city-council,Council spending / Council Spend,http://www.leedsdatamill.org/storage/f/2014-09-23T06%3A53%3A11.194Z/spending-2014-07.csv,CSV,,
da4e8eef-a573-4263-88c8-3984fab49cf7,leeds-city-council,Council spending / Council Spend,http://www.leedsdatamill.org/storage/f/2014-09-23T06%3A55%3A44.542Z/spending-2014-07.xml,XML,,
21306531-700a-47d7-b517-3b059ab06786,leeds-city-council,Council spending / Council Spend,http://www.leedsdatamill.org/storage/f/2014-10-10T14%3A28%3A04.724Z/spending-2014-08.csv,CSV,,
923a3888-5af0-4303-8562-c14f99c6c2f9,leeds-city-council,Council spending / Council Spend,http://www.leedsdatamill.org/storage/f/2014-10-10T14%3A32%3A01.892Z/spending-2014-08.pdf,PDF,,
673fb22b-ce12-4efe-8609-2b9c0787060e,leeds-city-council,Council spending / Council Spend,http://www.leedsdatamill.org/storage/f/2014-10-10T14%3A33%3A31.908Z/spending-2014-08.xml,XML,,
d0552f84-bbef-4cd6-bb3c-6f6a30d180b5,leeds-city-council,Council spending / Council Spend,http://www.leedsdatamill.org/storage/f/2014-12-17T08%3A23%3A26.309Z/spending-2014-09.pdf,PDF,,
6c341080-90f1-4882-bcb4-f19abda67c25,leeds-city-council,Council spending / Council Spend,http://www.leedsdatamill.org/storage/f/2014-12-17T08%3A25%3A43.808Z/spending-2014-09.csv,CSV,,
e12b6de0-1b48-47ef-91a6-de3eeb6e7eab,leeds-city-council,Council spending / Council Spend,http://www.leedsdatamill.org/storage/f/2015-01-21T10%3A08%3A30.373Z/spending-2014-10.csv,CSV,,
65353d5a-4584-42fc-aa94-a2c6d6064f36,leeds-city-council,Council spending / Council Spend,http://www.leedsdatamill.org/storage/f/2015-01-21T10%3A09%3A57.251Z/spending-2014-10.pdf,PDF,,
51325a6d-610a-41db-b17b-a009e07bd3e7,leeds-city-council,Council spending / Council Spend,http://www.leedsdatamill.org/storage/f/2015-01-21T10%3A11%3A08.024Z/spending-2014-11.csv,CSV,,
e1eea630-819c-4fa3-960b-c904c7d1237d,leeds-city-council,Council spending / Council Spend,http://www.leedsdatamill.org/storage/f/2015-01-21T10%3A12%3A14.539Z/spending-2014-11.pdf,PDF,,
f7e911a3-3505-4d75-8c6d-b5f12ebb351d,leeds-city-council,Council spending / Council Spend,http://www.leedsdatamill.org/storage/f/2015-03-02T09%3A54%3A53.538Z/spending-2014-12.pdf,PDF,,
f59da241-4900-4167-bbc9-b63b69dc32fe,leeds-city-council,Council spending / Council Spend,http://www.leedsdatamill.org/storage/f/2015-03-02T09%3A57%3A09.202Z/spending-2014-12.csv,CSV,,
94ef1d99-f049-43fc-ba0c-abc01c363e63,leeds-city-council,Council spending / Council Spend,http://www.leedsdatamill.org/storage/f/2015-03-26T13%3A48%3A11.909Z/spending-2015-01.pdf,PDF,,
0277d2be-6fdb-4b56-8bd7-1e8e7636081a,leeds-city-council,Council spending / Council Spend,http://www.leedsdatamill.org/storage/f/2015-03-26T13%3A49%3A57.296Z/spending-2015-01.csv,CSV,,
05eaac23-00af-4276-b844-3a1a1123aed1,office-of-fair-trading,Contract Spend / 2010 October return,http://webarchive.nationalarchives.gov.uk/+/http://www.oft.gov.uk/shared_oft/706728/transparency/747187/contracts-csv-docs/Contracts_Oct2010.csv,CSV,2014-02-28T13:18:00.605840,
81a25a0a-0d14-4ff0-b9de-f4ee3cd2fc7c,mole-valley-district-council,Spend over £500 / MVDC Open Data webpage,http://www.molevalley.gov.uk/index.cfm?articleid=17198,HTML,,
8a8df738-a9ac-4f77-8f6b-a7d758fd8e4b,mole-valley-district-council,Spend over £500 / 2011-2012 Spend data >£500,http://www.molevalley.gov.uk/media/excel/t/b/MVDC_Payments_over_500_FY_2011_12.csv,CSV,2013-10-14T12:11:23.873773,1/5/2012
efd9e4c7-edeb-4141-bae2-ba762b13683e,mole-valley-district-council,Spend over £500 / 2012-2013 Spend data >£500,http://www.molevalley.gov.uk/media/excel/t/d/Payments_over_500_FY_2012_13.csv,CSV,2013-10-14T12:11:20.841718,1/5/2013
95bfde27-f906-4371-a0e8-9111645c6592,mole-valley-district-council,Spend over £500 / 2014-2015 Spend data >£500,http://www.molevalley.gov.uk/media.cfm?mediaid=20074,CSV,,31/12/2014
32ffb04b-78ca-4a43-8aa7-5b9c586607a5,mole-valley-district-council,Spend over £500 / 2014-2015 Spend data >£500,http://www.molevalley.gov.uk/media.cfm?mediaid=21515,CSV,,31/3/2015
3d3369c0-1580-4e78-aad4-054c1b24b3e4,rushmoor-borough-council,Rushmoor Procurement Card Spend / LGA Schema Guidance,http://www.local.gov.uk/documents/10180/11655/Transparency+guidance+2014+-+spending+and+procurement++20141201.pdf/b4ef3ce9-7f2a-4e5b-86b2-aa417f803e44,PDF,,
d3e1e3f8-30d8-4bbe-94d0-4e22ff694907,rushmoor-borough-council,Rushmoor Procurement Card Spend / Procurement Card Spend November 2014,http://data.rushmoor.gov.uk/Datasets/Open/ProcurementCardTransactions/RushmoorProcurementCard_2014-11.csv,CSV,,30/11/2014
9fb8d257-9a87-414c-bce5-e9423020fefe,rushmoor-borough-council,Rushmoor Procurement Card Spend / Procurement Card Spend December 2014,http://data.rushmoor.gov.uk/Datasets/Open/ProcurementCardTransactions/RushmoorProcurementCard_2014-12.csv,CSV,,31/12/2014
b40da275-e828-4e1c-994f-bb4948d80b89,royal-borough-of-kensington-and-chelsea,Council spend above £250 / RBKC - Council spend above £250,http://www.rbkc.gov.uk/councilanddemocracy/idoc.ashx?docid=bc051ef5-04aa-436d-9a0b-507ae647f9b0&version=-1,ashx,,
ae5fcdf6-26f7-47e2-833c-b55989d20a94,uk-shared-business-services,UK SBS Monthly Spend / April 2014,http://www.uksbs.co.uk/use/Documents/UK%20SBS%20monthly%20spend%20for%20Apr-14.csv,CSV,,4/2014
c0e4c20b-821b-4ad2-ae86-504668fd8e77,uk-shared-business-services,UK SBS Monthly Spend / May 2014,http://www.uksbs.co.uk/use/Documents/UK%20SBS%20monthly%20spend%20for%20May-14.csv,CSV,,5/2014
62abddc7-47a2-40ba-8376-460523fd7770,uk-shared-business-services,UK SBS Monthly Spend / June 2014,http://www.uksbs.co.uk/use/Documents/UK%20SBS%20monthly%20spend%20for%20Jun-14.csv,CSV,,6/2014
27e2b27c-53ac-41cd-be79-2ecaeb7f7b74,uk-shared-business-services,UK SBS Monthly Spend / July 2014,http://www.uksbs.co.uk/use/Documents/UK%20SBS%20monthly%20spend%20for%20Jul-14.csv,CSV,,7/2014
cf6cea2d-b455-478f-87a0-cbc0fb7e0ccf,uk-shared-business-services,UK SBS Monthly Spend / August 2014,http://www.uksbs.co.uk/use/Documents/UK%20SBS%20monthly%20spend%20for%20Aug-14.csv,CSV,,8/2014
a0821d48-810b-48a1-a732-de090af2fcf6,uk-shared-business-services,UK SBS Monthly Spend / September 2014,http://www.uksbs.co.uk/use/Documents/UK%20SBS%20monthly%20spend%20for%20Sep-14.csv,CSV,,9/2014
24564885-f421-4dd0-9dad-68d8fc86713c,uk-shared-business-services,UK SBS Monthly Spend / October 2014,http://www.uksbs.co.uk/use/Documents/UK%20SBS%20monthly%20spend%20for%20Oct-14.csv,CSV,,10/2014
71e47093-e047-4f66-984a-64b340eff3df,uk-shared-business-services,UK SBS Monthly Spend / November 2014,http://www.uksbs.co.uk/use/Documents/UK%20SBS%20monthly%20spend%20for%20Nov-14.csv,CSV,,11/2014
b4880443-80bc-470e-9b64-f0fd36a3336e,uk-shared-business-services,UK SBS Monthly Spend / December 2014,http://www.uksbs.co.uk/use/Documents/UK%20SBS%20monthly%20spend%20for%20Dec-14.csv,CSV,,12/2014
d8311d02-17a6-40dc-be1c-ea263911c2ac,office-for-fair-access,"OFFA spend data / April 2010 OFFA spend over £25,000",http://www.offa.org.uk/wp-content/uploads/2010/10/OFFA-data-for-04-2010.csv,CSV,2013-06-19T05:10:09.313973,19/10/2010
61cc94d0-2946-416e-8f41-a24512a0203f,office-for-fair-access,"OFFA spend data / May 2010 OFFA spend over £25,000",http://www.offa.org.uk/wp-content/uploads/2010/10/OFFA-data-for-05-2010.csv,CSV,2013-06-19T05:10:08.652306,19/10/2010
0d32e7dd-e8e6-4f94-86ba-e20f5794159d,office-for-fair-access,"OFFA spend data / June 2010 OFFA spend over £25,000",http://www.offa.org.uk/wp-content/uploads/2010/10/OFFA-data-for-06-2010.csv,CSV,2013-06-19T05:10:08.689431,19/10/2010
881e16a6-e7bf-4f5d-9c0f-45787adafc3d,office-for-fair-access,"OFFA spend data / July 2010 OFFA spend over £25,000",http://www.offa.org.uk/wp-content/uploads/2010/10/OFFA-data-for-07-2010.csv,CSV,2013-06-19T05:10:07.872771,19/10/2010
aaca150d-fc44-4ed4-b207-9da2e6f60a8a,office-for-fair-access,"OFFA spend data / August 2010 OFFA spend over £25,000",http://www.offa.org.uk/wp-content/uploads/2010/10/OFFA-data-for-08-2010.csv,CSV,2013-06-19T05:10:07.876974,19/10/2010
4ff6ed55-7dc8-4f18-9f03-79fffaee2e20,office-for-fair-access,"OFFA spend data / September 2010 OFFA spend over £25,000",http://www.offa.org.uk/wp-content/uploads/2010/10/OFFA-data-for-09-2010.csv,CSV,2013-06-19T05:10:07.340447,19/10/2010
7b6fdb8a-6165-4323-a525-c9a5ae6d7585,office-for-fair-access,"OFFA spend data / October 2010 OFFA spend over £25,000",http://www.offa.org.uk/wp-content/uploads/2010/12/OFFA-data-for-10-2010.csv,CSV,2013-06-19T05:10:07.327450,9/11/2010
c31c5052-f266-41aa-bf97-f24ee7874a74,office-for-fair-access,"OFFA spend data / November 2010 OFFA spend over £25,000",http://www.offa.org.uk/wp-content/uploads/2010/12/OFFA-data-for-11-2010.csv,CSV,2013-06-19T05:10:06.408029,7/12/2010
1675e565-5e6d-4dd8-ace6-ab478dc5ec49,office-for-fair-access,"OFFA spend data / December 2010 OFFA spend over £25,000",http://www.offa.org.uk/wp-content/uploads/2011/05/OFFA-data-for-12-2010.csv,CSV,2013-06-19T05:10:06.321552,19/1/2011
181dd85b-ce70-4a72-a63b-044785e68236,office-for-fair-access,"OFFA spend data / January 2011 OFFA spend over £25,000",http://www.offa.org.uk/wp-content/uploads/2011/05/OFFA-data-for-1-2011.csv,CSV,2013-06-19T05:10:06.276208,9/2/2011
1ba2c806-3125-4c26-8bd2-4ec8c83c3a59,office-for-fair-access,"OFFA spend data / February 2011 OFFA spend over £25,000",http://www.offa.org.uk/wp-content/uploads/2011/05/OFFA-data-for-2-2011.csv,CSV,2013-06-19T05:10:06.159552,16/3/2011
2708f6aa-df69-444d-902b-6e189d5e8914,office-for-fair-access,"OFFA spend data / March 2011 OFFA spend over £25,000",http://www.offa.org.uk/wp-content/uploads/2011/12/March-2011.csv,CSV,2013-06-19T05:10:05.360059,12/4/2011
445aabbc-f527-408a-b881-1ffc19da99b7,office-for-fair-access,"OFFA spend data / April 2011 OFFA spend over £25,000",http://www.offa.org.uk/wp-content/uploads/2011/12/April-2011.csv,CSV,2013-06-19T05:10:05.108010,11/5/2011
e88eeb14-f7a7-4603-b554-ec9bf0746946,office-for-fair-access,"OFFA spend data / May 2011 OFFA spend over £25,000",http://www.offa.org.uk/wp-content/uploads/2011/12/May-2011.csv,CSV,2013-06-19T05:10:05.181954,14/6/2011
b9d76010-6f90-4c21-bc08-deef004506df,office-for-fair-access,"OFFA spend data / June 2011 OFFA spend over £25,000",http://www.offa.org.uk/wp-content/uploads/2011/12/June-2011.csv,CSV,2013-06-19T05:10:05.184001,13/7/2011
8c19e1ad-8f2c-4548-828a-9c3c10ffe3c8,office-for-fair-access,"OFFA spend data / July 2011 OFFA spend over £25,000",http://www.offa.org.uk/wp-content/uploads/2011/12/July-2011.csv,CSV,2013-06-19T05:10:04.204309,9/8/2011
e308448b-e89d-4328-8683-e257754220b9,office-for-fair-access,"OFFA spend data / August 2011 OFFA spend over £25,000",http://www.offa.org.uk/wp-content/uploads/2011/12/Aug-2011.csv,CSV,2013-06-19T05:10:03.983789,14/9/2011
5b1fb448-04c0-4b7f-8dec-9330dea95eda,office-for-fair-access,"OFFA spend data / September 2011 OFFA spend over £25,000",http://www.offa.org.uk/wp-content/uploads/2011/12/Sept-2011.csv,CSV,2013-06-19T05:10:03.834520,10/10/2011
73dc44b7-3a69-47d4-ae36-9f5202452974,office-for-fair-access,"OFFA spend data / October 2011 OFFA spend over £25,000",http://www.offa.org.uk/wp-content/uploads/2012/03/October-2011.csv,CSV,2013-06-19T05:10:03.835179,11/11/2011
ca11f676-ef56-4db9-9b77-9fc5c5a0f708,office-for-fair-access,"OFFA spend data / November 2011 OFFA spend over £25,000",http://www.offa.org.uk/wp-content/uploads/2012/03/November-2011.csv,CSV,2013-06-19T05:10:03.014580,8/12/2011
927a0f61-72b4-4d4d-b445-58e1c1e8348c,office-for-fair-access,"OFFA spend data / December 2011 OFFA spend over £25,000",http://www.offa.org.uk/wp-content/uploads/2012/03/December-2011.csv,CSV,2013-06-19T05:10:02.627817,17/1/2012
20d9e3f4-f1e6-4828-8a0c-0aa67bbac318,office-for-fair-access,"OFFA spend data / January 2012 OFFA spend over £25,000",http://www.offa.org.uk/wp-content/uploads/2012/03/January-2012.csv,CSV,2013-06-19T05:10:02.571334,7/2/2012
d319fa6d-4393-43b3-bd65-8debc31a3d21,office-for-fair-access,"OFFA spend data / February 2012 OFFA spend over £25,000",http://www.offa.org.uk/wp-content/uploads/2012/04/OFFA-data-for-2012-02.csv,CSV,2013-06-19T05:10:02.411258,28/3/2012
0ecb8707-4b22-4fbf-b9a1-c6da136325b5,office-for-fair-access,"OFFA spend data / March 2012 OFFA spend over £25,000",http://www.offa.org.uk/wp-content/uploads/2012/04/OFFA-data-for-2012-03.csv,CSV,2013-06-19T05:10:01.547503,2/4/2012
bacb36d2-0039-4ada-a96c-f9f68e84cfbc,office-for-fair-access,"OFFA spend data / April 2012 OFFA spend over £25,000",http://www.offa.org.uk/wp-content/uploads/2010/10/OFFA-data-for-2012-04.csv,CSV,2013-06-19T05:10:01.310604,9/5/2012
9ce0a77c-4b74-4503-8fec-7fafba1860ea,office-for-fair-access,"OFFA spend data / May 2012 OFFA spend over £25,000",http://www.offa.org.uk/wp-content/uploads/2012/06/OFFA-data-for-2012-05.csv,CSV,2013-06-19T05:10:00.175161,8/6/2012
72a4ce26-ed29-48ac-aa1f-719aa60acbb1,office-for-fair-access,"OFFA spend data / June 2012 OFFA spend over £25,000",http://www.offa.org.uk/wp-content/uploads/2012/07/OFFA-data-for-2012-06.csv,CSV,2013-06-19T05:09:59.158677,6/7/2012
9fa2e35a-a946-4687-a9b5-1c8e4ebce95a,office-for-fair-access,"OFFA spend data / July 2012 OFFA spend over £25,000",http://www.offa.org.uk/wp-content/uploads/2012/08/OFFA-data-for-2012-07.csv,CSV,2013-06-19T05:10:09.105642,6/8/2012
a13eb58d-774f-436b-b130-6393236a0e21,office-for-fair-access,"OFFA spend data / August 2012 OFFA spend over £25,000",http://www.offa.org.uk/wp-content/uploads/2012/10/OFFA-data-for-2012-08.csv,CSV,2013-06-19T05:10:09.822097,17/9/2012
a2a46211-8ff5-4236-8431-d730e615d9e8,office-for-fair-access,"OFFA spend data / September 2012 OFFA spend over £25,000",http://www.offa.org.uk/wp-content/uploads/2012/10/OFFA-data-for-2012-09.csv,CSV,2013-06-19T05:10:09.920013,5/10/2012
e8edd99d-7aed-445e-8972-961530566032,office-for-fair-access,"OFFA spend data / October 2012 OFFA spend over £25,000",http://www.offa.org.uk/wp-content/uploads/2012/11/OFFA-data-for-2012-10.csv,CSV,2013-06-19T05:10:10.240380,8/11/2012
48f6fe05-c25a-4af7-84dd-1e4de853b774,office-for-fair-access,"OFFA spend data / November 2012 OFFA spend over £25,000",http://www.offa.org.uk/wp-content/uploads/2013/01/OFFA-data-for-2012-11.csv,CSV,2013-06-19T05:10:10.410933,5/12/2012
75b8188e-5f8c-41ba-81a4-5da4c3bcc811,office-for-fair-access,"OFFA spend data / December 2012 OFFA spend over £25,000",http://www.offa.org.uk/wp-content/uploads/2013/01/OFFA-data-for-2012-12.csv,CSV,2013-06-25T20:28:05.334206,14/1/2013
72ef472a-c7a9-4df8-a1a2-9b7e5ea2203a,office-for-fair-access,"OFFA spend data / January 2013 OFFA spend over £25,000",http://www.offa.org.uk/wp-content/uploads/2013/02/OFFA-data-for-2013-01.csv,CSV,2013-06-25T20:28:05.490061,6/2/2013
7709af7d-2cd7-4264-8826-00ee3b7d025e,office-for-fair-access,"OFFA spend data / February 2013 OFFA spend over £25,000",http://www.offa.org.uk/wp-content/uploads/2013/03/OFFA-data-for-2013-02.csv,CSV,2013-06-25T20:28:05.713455,6/3/2013
70b6dd57-7a74-4873-8e1d-ec1cad6b47af,office-for-fair-access,"OFFA spend data / March 2013 OFFA spend over £25,000",http://www.offa.org.uk/wp-content/uploads/2013/04/OFFA-data-for-2013-03.csv,CSV,2013-06-25T20:28:05.934228,5/4/2013
bca04591-c287-44bd-926d-e8b4a3bfc3dc,office-for-fair-access,"OFFA spend data / April 2013 OFFA spend over £25,000",http://www.offa.org.uk/wp-content/uploads/2013/05/OFFA-data-for-2013-04.csv,CSV,2013-06-25T20:28:07.207907,3/5/2013
6dbfdad0-0c26-4872-9b1f-8ba6f3bf4d05,office-for-fair-access,"OFFA spend data / May 2013 OFFA spend over £25,000",http://www.offa.org.uk/wp-content/uploads/2013/06/OFFA-data-for-2013-05.csv,CSV,2013-06-25T20:28:07.311527,3/6/2013
dcc9fdbf-1ce0-4627-b81b-98773e4489d6,office-for-fair-access,"OFFA spend data / June 2013 OFFA spend over £25,000",http://www.offa.org.uk/wp-content/uploads/2013/07/OFFA-data-for-2013-06.csv,CSV,2013-07-05T15:33:47.340877,5/7/2013
a44f82f2-4749-471c-8001-cda716b93d0f,valuation-tribunal-service,VTS spend over £250 / VTS spend data for Apr,http://webarchive.nationalarchives.gov.uk/+/http://www.valuationtribunal.gov.uk/libraries/Head_Office_Documents/Transparency_Data_-_14Apr_1.sflb.ashx,CSV,,
a43ba309-455a-4ce7-8239-692cffe374b1,valuation-tribunal-service,VTS spend over £250 / VTS spend data for Jun,http://www.valuationtribunal.gov.uk/libraries/Head_Office_Documents/Transparency_Data_-_14Jun.ashx,CSV,,
c53a4b92-b2ce-4339-8121-ceac3b831c26,valuation-tribunal-service,VTS spend over £250 / VTS spend data for May,http://www.valuationtribunal.gov.uk/libraries/Head_Office_Documents/Transparency_Data_-_14May.ashx,CSV,,
417ea37d-e5b0-4c31-8a0c-0ec4267a4a3a,nhs-blood-and-transplant,Exceptions to Spending Controls / Exception - October 2011 - December 2011,http://webarchive.nationalarchives.gov.uk/+/http://www.nhsbt.nhs.uk/about/transparency/downloads/exceptions_recruitment_oct11_dec11.xls,XLS,2013-06-19T02:13:35.953977,
0cb1568a-4523-4c0e-912f-d8de418d3f5a,nhs-blood-and-transplant,Exceptions to Spending Controls / Exception - January 2012 - March 2012,http://webarchive.nationalarchives.gov.uk/+/http://www.nhsbt.nhs.uk/about/transparency/downloads/exceptions_recruitment_jan12_mar12.xls,XLS,2013-06-19T02:13:36.575772,
b3b8f689-b30f-42bf-afa8-e83ec57bc3ad,nhs-blood-and-transplant,Exceptions to Spending Controls / Exception - April 2012 - June 2012,http://webarchive.nationalarchives.gov.uk/+/http://www.nhsbt.nhs.uk/about/transparency/downloads/exceptions_recruitment_apr12_jun12.xls,XLS,2013-06-19T02:13:36.883513,
08529442-59a4-444e-b951-c7899e315f46,nhs-blood-and-transplant,Exceptions to Spending Controls / Exception - July 2012 - September 2012,http://webarchive.nationalarchives.gov.uk/+/http://www.nhsbt.nhs.uk/about/transparency/downloads/exceptions_recruitment_jul12_sep12.xls,XLS,2013-06-19T02:13:37.540419,
c01c466e-3c2d-4c80-89c2-431bc73af247,nhs-blood-and-transplant,Exceptions to Spending Controls / Exception - April 2013 - June 2013,http://www.nhsbt.nhs.uk/download/exceptions_recruitment_apr13_june13.xls,XLS,2014-03-10T10:22:18.624222,
43bd6c3f-a8fd-4da7-8fcd-588d22c39d19,nhs-blood-and-transplant,Exceptions to Spending Controls / Exception - July 2013 - September 2013,http://www.nhsbt.nhs.uk/download/exceptions_recruitment_jul13_sep13.xls,XLS,2014-03-10T10:22:16.958197,
59108bcf-ac8e-4c19-82dd-0a930d621a46,nhs-blood-and-transplant,Exceptions to Spending Controls / Exception - October 2013 - December 2013,http://www.nhsbt.nhs.uk/download/exceptions_recruitment_oct13_dec13.xls,XLS,2014-03-10T10:22:19.742186,
7800bc46-5662-4515-ad77-58de5719f7da,valuation-tribunal-service,VTS spend over £500 / VTS spend over £500,http://www.valuationtribunal.gov.uk/Libraries/Head_Office_Documents/Transparency_Data_-_11Aug.sflb.ashx,CSV,2013-06-19T07:15:48.881762,
68ebc552-ae87-4bdd-a75b-fe165413e82f,valuation-tribunal-service,VTS spend  £250 / VTS spend data Sep 2014,http://www.valuationtribunal.gov.uk/Libraries/Head_Office_Documents/Transparency_data_-_14Sep.sflb.ashx,CSV,,
e87685a7-3cde-44df-8887-fcfcbcab91f1,valuation-tribunal-service,VTS spend  £250 / VTS spend data Aug 2014,http://www.valuationtribunal.gov.uk/Libraries/Head_Office_Documents/Transparency_data_-_14Aug.sflb.ashx,CSV,,
cb3a9a75-f9ad-4267-a302-903b68613923,valuation-tribunal-service,VTS spend  £250 / VTS spend over £250,http://www.valuationtribunal.gov.uk/Libraries/Head_Office_Documents/Transparency_data_-_14Sep.sflb.ashx,CSV,,
3fa4d8a5-225d-4ada-89ec-b02d9e2f4f95,valuation-tribunal-service,VTS spend  £250 / VTS spend over £250,http://www.valuationtribunal.gov.uk/Libraries/Head_Office_Documents/Transparency_data_-_14Aug.sflb.ashx,CSV,,
2417dd7d-2212-4de2-a30d-40df141e83fa,valuation-tribunal-service,VTS spend over £500 / VTS spend over £500,http://www.valuationtribunal.gov.uk/Libraries/Head_Office_Documents/Transparency_Data_-_12May.sflb.ashx,CSV,2013-06-19T07:15:51.139520,
bc35bf4e-a992-4f6a-9169-b771b9dddb4a,valuation-tribunal-service,VTS spend over £500 / VTS spend over £500,http://www.valuationtribunal.gov.uk/Libraries/Head_Office_Documents/Transparency_Data_-_12Apr.sflb.ashx,CSV,2013-06-19T07:15:51.138847,
0f06a23c-3e3b-446e-aaeb-23f467b4dc75,valuation-tribunal-service,VTS spend over £500 / VTS spend over £500,http://www.valuationtribunal.gov.uk/Libraries/Head_Office_Documents/Transparency_Data_-_12Mar.sflb.ashx,CSV,2013-06-19T07:15:52.308729,
9748a2d8-adf5-4a77-987a-a4438eb6ce58,valuation-tribunal-service,VTS spend over £500 / VTS spend over £500,http://www.valuationtribunal.gov.uk/Libraries/Head_Office_Documents/Transparency_Data_-_12Feb.sflb.ashx,CSV,2013-06-19T07:15:52.249215,
d160061a-ebe6-48b4-983d-5ed50d228dfc,valuation-tribunal-service,VTS spend over £500 / VTS spend over £500,http://www.valuationtribunal.gov.uk/Libraries/Head_Office_Documents/Transparency_Data_-_11Nov.sflb.ashx,CSV,2013-06-19T07:15:50.004892,
3abbacb0-5239-4307-a719-16ecc1a84679,valuation-tribunal-service,VTS spend over £500 / VTS spend over £500,http://www.valuationtribunal.gov.uk/Libraries/Head_Office_Documents/Transparency_Data_-_11Dec.sflb.ashx,CSV,2013-06-19T07:15:49.964932,
3efebf29-70ed-4301-b547-94f07cb97be0,valuation-tribunal-service,VTS spend over £500 / VTS spend over £500,http://www.valuationtribunal.gov.uk/Libraries/Head_Office_Documents/Transparency_Data_-_12Jan.sflb.ashx,CSV,2013-06-19T07:15:50.056469,
9477e751-0daf-4f3c-b5ed-64fcf21cff0d,valuation-tribunal-service,VTS spend over £500 / VTS spend over £500,http://www.valuationtribunal.gov.uk/Libraries/Head_Office_Documents/Transparency_Data_-_11Sept.sflb.ashx,CSV,2013-06-19T07:15:51.114391,
0b636d5c-9abf-44f7-9bc5-d779b4941965,valuation-tribunal-service,VTS spend over £500 / VTS spend over £500,http://www.valuationtribunal.gov.uk/Libraries/Head_Office_Documents/Transparency_Data_-_11Oct.sflb.ashx,CSV,2013-06-19T07:15:51.140306,
0805c857-9511-4608-9276-593ca85f441c,valuation-tribunal-service,VTS spend over £500 / VTS spend over £500,http://www.valuationtribunal.gov.uk/Libraries/Head_Office_Documents/Transparency_Data_-_11Apr.sflb.ashx,CSV,2013-06-19T07:15:47.505038,
44c3ccd6-7da3-4017-a16b-f3417473678a,valuation-tribunal-service,VTS spend over £500 / VTS spend over £500,http://www.valuationtribunal.gov.uk/Libraries/Head_Office_Documents/Transparency_Data_-_11May.sflb.ashx,CSV,2013-06-19T07:15:47.768239,
c6b950c4-e0be-4d58-be38-aab3d19f9d8c,valuation-tribunal-service,VTS spend over £500 / VTS spend over £500,http://www.valuationtribunal.gov.uk/Libraries/Head_Office_Documents/Transparency_Data_-_11Jun.sflb.ashx,CSV,2013-06-19T07:15:47.885444,
9f6250eb-c599-4353-aa00-5ff02bbf2e69,valuation-tribunal-service,VTS spend over £500 / VTS spend over £500,http://www.valuationtribunal.gov.uk/Libraries/Head_Office_Documents/Transparency_Data_-_11Jul.sflb.ashx,CSV,2013-06-19T07:15:48.480776,
